tool,states,setup_f_s,setup_j_s,call_f_us,call_j_us,j_entries
rsdag native,20,0.0007214,0.0001898,0.435544,0.416096,80
rsdag interpreter,20,0.0002518,0.0001509,0.571183,0.541885,80
CasADi,20,0.0008456,0.0004049,11.9142,11.9805,80
JAX,20,0.0342981,0.0423775,3.51116,5.44711,400
rsdag native,60,0.0006118,0.0005146,0.812151,0.782178,240
rsdag interpreter,60,0.0004298,0.0003649,1.55317,1.02995,240
CasADi,60,0.0009312,0.000786,12.6535,13.343,240
JAX,60,0.0361199,0.0443047,3.44885,8.77808,3600
rsdag native,200,0.000926,0.00102,0.936403,0.993312,800
rsdag interpreter,200,0.000791,0.0008071,2.3071,1.51987,800
CasADi,200,0.0010362,0.0017748,14.9168,22.2826,800
JAX,200,0.0379685,0.0663388,5.44445,140.365,40000
rsdag native,600,0.0028305,0.0035483,1.70258,2.41049,2400
rsdag interpreter,600,0.0017904,0.0039894,5.57534,5.14817,2400
CasADi,600,0.001958,0.0048434,28.5738,34.8153,2400
JAX,600,0.0384759,0.0780124,5.50684,1490.15,360000
rsdag native,2000,0.0093663,0.0120738,5.29428,5.72451,8000
rsdag interpreter,2000,0.0050305,0.0064896,17.2438,11.9522,8000
CasADi,2000,0.0055441,0.0155088,79.8903,123.889,8000
JAX,2000,0.0356837,0.0861348,5.67036,12461.4,4000000
rsdag native,6000,0.0304577,0.0429766,25.3961,23.425,24000
rsdag interpreter,6000,0.0304792,0.0361311,54.7832,36.5574,24000
CasADi,6000,0.0155898,0.0552049,224.387,233.184,24000
JAX,6000,0.0311212,,10.0243,,
rsdag native,20000,0.0885219,0.0972123,80.0344,69.3223,80000
rsdag interpreter,20000,0.0999127,0.127574,259.341,189.367,80000
CasADi,20000,0.0615434,0.244018,1223.09,1146.37,80000
JAX,20000,0.0346809,,30.0312,,
