kind,n,instances,interp_ns,native_ns
gemv,2,1,16.2,6.5
gemv,3,1,17.8,7.5
gemv,4,1,18.5,8.9
gemv,6,1,22.7,13.3
gemv,8,1,23.0,19.1
gemv,12,1,28.8,25.5
gemv,16,1,35.7,32.3
gemv,24,1,52.7,55.0
gemv,32,1,75.2,72.2
gemm,2,1,21.4,8.4
gemm,3,1,29.3,13.7
gemm,4,1,34.6,22.3
gemm,6,1,72.3,52.6
gemm,8,1,88.5,83.3
gemm,12,1,194.3,188.2
gemm,16,1,360.1,360.0
gemm,24,1,870.1,822.5
gemm,32,1,1707.3,1729.8
solve,2,1,40.0,37.8
solve,3,1,54.4,51.9
solve,4,1,73.2,63.9
solve,6,1,104.8,102.8
solve,8,1,149.8,138.9
solve,12,1,269.3,266.8
solve,16,1,468.7,458.1
solve,24,1,1175.4,1146.5
solve,32,1,2271.1,2189.0
gemv,2,16,13.0,1.6
gemv,3,16,14.6,2.9
gemv,4,16,15.7,4.5
gemv,6,16,19.4,9.0
gemv,8,16,19.7,15.2
gemv,12,16,26.9,22.0
gemv,16,16,34.0,29.6
gemv,24,16,56.2,51.3
gemv,32,16,83.8,73.8
gemm,2,16,18.7,3.0
gemm,3,16,23.6,9.0
gemm,4,16,33.5,34.8
gemm,6,16,76.7,96.4
gemm,8,16,89.3,81.3
gemm,12,16,188.7,186.6
gemm,16,16,358.0,334.3
gemm,24,16,833.6,794.2
gemm,32,16,1658.7,1611.2
solve,2,16,8.0,6.4
solve,3,16,18.1,14.1
solve,4,16,28.7,22.8
solve,6,16,59.6,47.1
solve,8,16,107.2,89.0
solve,12,16,266.2,237.3
solve,16,16,531.0,491.6
solve,24,16,1178.7,1168.1
solve,32,16,2231.6,2184.8
