module,states,setup_f_interp_s,setup_f_native_s,call_f_interp_us,call_f_native_us,setup_j_interp_s,setup_j_native_s,call_j_interp_us,call_j_native_us,j_nnz,setup_f_folded_s,call_f_folded_us,setup_j_folded_s,call_j_folded_us
Alfio_RAFFC,166,0.009374,0.012546,44.5896,10.5146,0.032547,0.036612,278.9691,27.1889,734,0.056558,6.0233,0.090186,28.5598
Fan_SMC,166,0.011383,0.014643,48.0357,11.0662,0.034865,0.040130,283.0766,28.5699,734,0.062143,6.0379,0.088933,29.2460
HoiLee_AFFC,205,0.007647,0.010391,56.5968,13.3019,0.031114,0.035049,344.5664,32.8251,906,0.062482,7.1763,0.093130,38.2836
Leung_DFCFC1,179,0.010003,0.014181,49.3826,12.4567,0.040935,0.046904,304.0988,31.6091,792,0.064884,6.2481,0.089634,32.3908
Leung_DFCFC2,179,0.007124,0.010224,48.1616,12.2953,0.032572,0.036559,310.5719,32.2889,792,0.065675,7.3190,0.103334,35.5115
Leung_NMCF,166,0.007983,0.010539,52.7446,11.0009,0.027629,0.031637,278.1211,25.9430,734,0.048578,5.7660,0.080096,29.8909
Leung_NMCNR,167,0.007497,0.010126,44.7663,10.5664,0.028370,0.032762,278.2285,27.4652,737,0.045985,5.8037,0.079251,28.7708
Peng_ACBC,185,0.006336,0.008857,50.4110,12.8381,0.026264,0.029440,309.5457,30.5904,823,0.049121,7.8301,0.096434,36.1965
Qu2017_AZC,175,0.009275,0.012785,47.7407,11.3417,0.036904,0.041727,293.7082,28.9612,764,0.060853,6.1081,0.086027,33.7824
Ramos_PFC,166,0.010036,0.014150,45.6094,10.7210,0.039223,0.044720,281.0211,28.7954,734,0.057301,5.8365,0.079508,29.5826
Sau_CFCC,166,0.009947,0.013583,45.8228,10.6416,0.032740,0.037409,307.6578,27.6509,734,0.060076,5.8084,0.087061,31.0061
Yan_AZ,148,0.005702,0.007985,40.1943,9.1626,0.021867,0.024606,240.4629,23.4168,647,0.040917,5.0563,0.065988,20.7837
ring_psp103,47,0.001873,0.002805,57.2841,15.0460,0.008438,0.010242,451.8672,35.4080,165,0.018032,12.6447,0.060733,60.6916
ua741,184,0.000512,0.001342,4.0790,1.1559,0.001623,0.002647,5.6868,1.7235,656,0.001779,0.5270,0.002682,0.8845
