module,states,tool,setup_f_s,setup_j_s,call_f_us,call_j_us,status
Alfio_RAFFC,166,CasADi,0.0085853,0.272254,117.306,523.011,ok
Alfio_RAFFC,166,CasADi (parameter inputs),0.0221025,1.22262,442.594,1095.41,ok
Alfio_RAFFC,166,JAX,37.9932,,649.166,,over 1 min
Fan_SMC,166,CasADi,0.0120434,0.421668,120.433,524.458,ok
Fan_SMC,166,CasADi (parameter inputs),0.021209,1.04544,440.498,1075.61,ok
Fan_SMC,166,JAX,37.5804,,542.199,,over 1 min
HoiLee_AFFC,205,CasADi,0.0100774,0.539194,141.874,631.627,ok
HoiLee_AFFC,205,CasADi (parameter inputs),0.0297827,1.89838,544.128,1334.67,ok
HoiLee_AFFC,205,JAX,24.7751,,415.011,,over 1 min
Leung_DFCFC1,179,CasADi,0.0139759,0.582717,173.127,655.412,ok
Leung_DFCFC1,179,CasADi (parameter inputs),0.0376861,2.05325,565.17,1371.53,ok
Leung_DFCFC1,179,JAX,48.5987,,630.207,,over 1 min
Leung_DFCFC2,179,CasADi,0.0088577,0.346332,123.181,543.644,ok
Leung_DFCFC2,179,CasADi (parameter inputs),0.0259479,1.06876,464.219,1151.54,ok
Leung_DFCFC2,179,JAX,27.0465,,485.609,,over 1 min
Leung_NMCF,166,CasADi,0.0075139,0.253742,114.539,510.266,ok
Leung_NMCF,166,CasADi (parameter inputs),0.023445,0.79479,433.85,1077.15,ok
Leung_NMCF,166,JAX,22.9077,,464.973,,over 1 min
Leung_NMCNR,167,CasADi,0.0064386,0.256965,117.515,504.984,ok
Leung_NMCNR,167,CasADi (parameter inputs),0.0179532,0.774098,427.761,1081.89,ok
Leung_NMCNR,167,JAX,26.6395,,531.431,,over 1 min
Peng_ACBC,185,CasADi,0.0067151,0.347682,130.829,582.08,ok
Peng_ACBC,185,CasADi (parameter inputs),0.0222579,1.03719,483.435,1225.18,ok
Peng_ACBC,185,JAX,23.6037,,441.154,,over 1 min
Qu2017_AZC,175,CasADi,0.0065282,0.292694,122.013,512.824,ok
Qu2017_AZC,175,CasADi (parameter inputs),0.0226953,0.885509,451.575,1103.63,ok
Qu2017_AZC,175,JAX,31.4297,,496.658,,over 1 min
Ramos_PFC,166,CasADi,0.006937,0.259106,118.354,515.597,ok
Ramos_PFC,166,CasADi (parameter inputs),0.0185755,0.763855,429.561,1100.48,ok
Ramos_PFC,166,JAX,39.5462,,589.217,,over 1 min
Sau_CFCC,166,CasADi,0.0059491,0.268912,117.573,515.239,ok
Sau_CFCC,166,CasADi (parameter inputs),0.0184702,0.774253,429.617,1086.24,ok
Sau_CFCC,166,JAX,29.3067,,477.186,,over 1 min
Yan_AZ,148,CasADi,0.0056941,0.20262,101.767,436.375,ok
Yan_AZ,148,CasADi (parameter inputs),0.0161755,0.601855,374.924,927.669,ok
Yan_AZ,148,JAX,18.9918,,350.343,,over 1 min
ring_psp103,47,CasADi,0.0130597,0.221014,221.377,1149.91,ok
ring_psp103,47,CasADi (parameter inputs),0.018007,0.27296,367.366,1432.34,ok
ring_psp103,47,JAX,,,,,over 1 min
ua741,184,CasADi,0.0004416,0.0063993,8.99713,14.1501,ok
ua741,184,CasADi (parameter inputs),0.0011522,0.0142361,19.8713,27.8744,ok
ua741,184,JAX,1.16269,4.00011,70.8855,888.809,ok
