vocab,steps,ops,interp_ns_per_op,native_ns_per_op,compile_ns_per_op,tape_compile_ns_per_op
ring,1024,558,3.412,0.865,1195.70,221.68
ring,4096,2913,8.390,0.780,390.59,291.86
ring,16384,12506,10.053,0.659,199.54,321.65
ring,65536,25117,10.120,0.613,169.81,343.39
ring,262144,202685,12.453,1.389,156.66,628.36
ring,1048576,809490,14.962,5.397,163.92,972.20
elementary,1024,344,7.783,3.814,561.63,195.93
elementary,4096,1394,10.483,3.451,418.72,247.27
elementary,16384,9270,14.057,4.314,179.84,323.55
elementary,65536,27919,14.373,5.977,155.83,372.69
elementary,262144,121482,15.820,8.117,135.39,414.19
elementary,1048576,709990,14.251,11.066,129.21,962.79
full,1024,585,7.745,5.537,449.91,198.29
full,4096,1171,8.615,4.396,430.83,206.66
full,16384,9924,13.408,6.127,176.47,318.79
full,65536,34410,13.074,9.132,119.85,362.91
full,262144,86881,12.947,9.889,111.80,410.70
full,1048576,296789,13.012,10.048,111.31,713.56
